time,Vvl,LBNP
0,581.106066815679,0
0.5,696.077438267238,0
1,697.709051288045,0
1.5,700.69665316953,0
2,699.891427534576,0
2.5,697.687873008044,0
3,696.203140411002,0
3.5,692.187091028616,0
4,693.252397424346,0
4.5,693.430907426756,0
5,696.311275702138,0
5.5,694.672790020733,0
6,698.659762241131,0
6.5,702.948491766398,0
7,702.091777547783,0
7.5,700.85201647575,0
8,700.452350586685,0
8.5,698.930763092387,0
9,698.602179133324,0
9.5,696.636175522692,0
10,695.061488109282,0
10.5,711.648217902375,2
11,728.612609567042,4
11.5,746.850272380434,6
12,764.844507246073,8
12.5,785.867205259021,10
13,805.373614441614,12
13.5,822.579404577976,14
14,840.105957669241,16
14.5,851.05350265066,18
15,876.105249088922,20
15.5,879.70717644828,21
16,880.045394704732,21
16.5,878.980400034249,19.5
17,878.998265272539,19
17.5,879.689007312859,18.5
18,877.582582071081,18.5
18.5,880.767536656554,19
19,878.042966045728,18.5
19.5,877.046091580135,18.5
20,876.569398637908,19.5
20.5,878.315622634578,19.5
21,878.207845629119,20
21.5,880.142004945405,20
22,877.872358546497,20.5
22.5,877.679165359059,20
23,877.264450665337,20
23.5,877.956387269287,20.5
24,879.897784077721,20.5
24.5,877.768001447707,20.5
25,878.849535307421,19.5
25.5,878.017157113909,19.5
26,879.916645520726,19
26.5,877.588373673091,18
27,878.491840300785,17.5
27.5,878.349199847771,17.5
28,880.722014628666,18.5
28.5,879.648477612645,19
29,877.394544066281,19.5
29.5,878.198090824378,19.5
30,879.950566925826,20
30.5,878.151332296644,20
31,878.757603772101,19
31.5,880.221543109759,19.5
32,877.233923544817,19.5
32.5,877.224132797747,20
33,877.158215342491,21
33.5,879.69576935853,20.5
34,879.397171988591,20
34.5,881.122766809355,19.5
35,878.251701775478,19
35.5,878.547295445008,19.5
36,879.700960165574,19
36.5,877.977215587183,18
37,878.145219379817,17.5
37.5,881.370975373029,18.5
38,879.964290309444,18.5
38.5,879.816708582548,20
39,878.382277377727,19.5
39.5,878.830577755136,19
40,878.373291726103,19
40.5,879.654845010922,20
41,880.687709636521,21
41.5,877.129671021731,20.5
42,878.208368332592,20.5
42.5,878.289171184979,20.5
43,880.183109153512,20
43.5,877.122678483174,19.5
44,880.273748573188,20.5
44.5,878.910089628695,20
45,879.203373074895,19.5
45.5,877.83201385257,19.5
46,879.669131456376,19.5
46.5,881.445754388067,19.5
47,878.548463502489,19
47.5,881.294373897781,19
48,881.186706745613,19.5
48.5,878.421424637851,19.5
49,879.490704641611,21
49.5,880.863999933697,21
50,877.813149960084,21
50.5,876.760585540123,21
51,879.43173199263,20
51.5,879.904554329778,20.5
52,879.687547417907,20
52.5,878.046018237232,19.5
53,878.466164900667,20
53.5,877.244267832929,20.5
54,879.693298729621,21
54.5,877.789839333796,21.5
55,878.969633520162,21
55.5,879.955078283202,20.5
56,879.293053752107,20.5
56.5,879.161492473719,20.5
57,878.262542256625,20
57.5,878.219590194815,21
58,881.555644439593,20
58.5,880.232158954064,19.5
59,877.689346493442,18.5
59.5,879.761578727209,18.5
60,878.314129759867,19.5
